Year,Product Name,Profit,Loss,Total Sale,Total Manufacturing,Remaining Products,Total No of Workers,Salary of Workers,Raw Material Cost,Production Cost
2022,Lehenga,0,28862,50301,50301,132,295,1475000,41263,19900
2023,Lehenga,97331,0,194662,97331,65,224,1120000,40165,22465
2020,Pants,78326,0,156652,78326,80,144,720000,24466,15565
2022,Dupatta,97670,0,195340,97670,42,255,1275000,31980,13641
2022,Lehenga,30782,0,61564,30782,82,283,1415000,17542,27438
2023,Shirt,62002,0,124004,62002,56,200,1000000,44187,22927
2020,Lehenga,44022,0,88044,44022,143,256,1280000,48463,16510
2020,Shirt,34618,0,69236,34618,123,128,640000,34510,14211
2022,Lehenga,37245,0,74490,37245,137,168,840000,46941,22746
2021,Shirt,30027,0,60054,30027,92,110,550000,11735,29979
2022,Lehenga,0,32500,90508,90508,91,229,1145000,47153,15420
2022,Lehenga,23526,0,47052,23526,72,295,1475000,11148,29303
2022,Kurta,64361,0,128722,64361,119,237,1185000,41343,23507
2022,Shirt,87158,0,174316,87158,99,202,1010000,23546,15535
2023,Shirt,58286,0,116572,58286,126,207,1035000,33079,12472
2020,Shirt,49533,0,99066,49533,107,299,1495000,18902,22129
2023,Saree,38316,0,76632,38316,95,218,1090000,35536,13908
2023,Lehenga,28699,0,57398,28699,144,254,1270000,23110,14612
2023,Shirt,99491,0,198982,99491,103,186,930000,21901,29446
2022,Pants,78465,0,156930,78465,143,211,1055000,10004,23630
2021,Saree,36673,0,73346,36673,136,262,1310000,14919,23571
2020,Kurta,43395,0,86790,43395,47,277,1385000,34693,16514
2021,Shirt,43707,0,87414,43707,108,173,865000,29175,24632
2023,Shirt,95937,0,191874,95937,72,101,505000,39332,21915
2023,Saree,76416,0,152832,76416,64,116,580000,40009,25414
2021,Lehenga,0,26688,79912,79912,110,194,970000,23512,12715
2021,Pants,0,26282,64903,64903,46,179,895000,26220,26262
2021,Kurta,33281,0,66562,33281,98,123,615000,19758,15819
2023,Shirt,52548,0,105096,52548,72,156,780000,33276,15300
2023,Lehenga,38371,0,76742,38371,80,170,850000,16573,29111
2020,Pants,97593,0,195186,97593,72,182,910000,15829,21896
2020,Pants,39644,0,79288,39644,68,243,1215000,13372,28812
2023,Kurta,43874,0,87748,43874,147,196,980000,31923,13379
2021,Dupatta,0,12519,77164,77164,78,135,675000,37905,23291
2021,Pants,88787,0,177574,88787,96,144,720000,37284,18881
2020,Dupatta,42289,0,84578,42289,144,109,545000,35761,26177
2023,Pants,25054,0,50108,25054,135,162,810000,37922,26223
2020,Kurta,86846,0,173692,86846,140,142,710000,47280,12170
2020,Saree,69769,0,139538,69769,147,150,750000,39541,22766
2022,Kurta,49312,0,98624,49312,132,206,1030000,13066,22284
2022,Kurta,0,16112,97195,97195,103,102,510000,35191,22847
2022,Saree,35846,0,71692,35846,125,293,1465000,13120,22755
2021,Saree,42483,0,84966,42483,105,262,1310000,27410,16325
2023,Lehenga,46558,0,93116,46558,48,168,840000,39605,15425
2023,Pants,63188,0,126376,63188,68,178,890000,13070,12800
2023,Lehenga,33012,0,66024,33012,136,135,675000,35337,12303
2023,Saree,53236,0,106472,53236,113,148,740000,37206,25863
2022,Dupatta,0,10992,85469,85469,67,100,500000,48437,26596
2021,Dupatta,68402,0,136804,68402,149,269,1345000,20197,14994
2021,Kurta,52076,0,104152,52076,92,268,1340000,47590,11320
2022,Shirt,0,15647,92435,92435,85,172,860000,35009,20459
2021,Kurta,0,39014,75189,75189,78,284,1420000,21108,20779
2022,Kurta,37335,0,74670,37335,115,215,1075000,41665,24534
2023,Shirt,63773,0,127546,63773,97,247,1235000,22154,11214
2022,Pants,72158,0,144316,72158,125,113,565000,39481,18320
2023,Saree,48570,0,97140,48570,93,221,1105000,41465,19248
2023,Dupatta,60658,0,121316,60658,45,192,960000,39107,20746
2020,Kurta,79184,0,158368,79184,84,279,1395000,41405,29670
2022,Shirt,92613,0,185226,92613,79,153,765000,19725,28165
2020,Lehenga,78194,0,156388,78194,62,148,740000,32567,26381
2022,Kurta,87507,0,175014,87507,137,129,645000,31992,16333
2022,Dupatta,53959,0,107918,53959,81,230,1150000,23560,28222
2020,Saree,0,17597,55644,55644,77,111,555000,37732,23895
2020,Kurta,65588,0,131176,65588,55,210,1050000,25015,28824
2022,Kurta,0,35633,55520,55520,113,258,1290000,32931,27490
2021,Pants,88582,0,177164,88582,86,264,1320000,35628,23425
2023,Shirt,81743,0,163486,81743,60,254,1270000,12084,25111
2020,Lehenga,64518,0,129036,64518,113,215,1075000,21795,29386
2023,Lehenga,32703,0,65406,32703,114,251,1255000,11681,29789
2021,Saree,69456,0,138912,69456,60,211,1055000,36883,19004
2021,Dupatta,75491,0,150982,75491,64,268,1340000,13722,13232
2021,Saree,28043,0,56086,28043,100,203,1015000,37902,29435
2020,Kurta,88340,0,176680,88340,137,291,1455000,12036,13877
2021,Kurta,30176,0,60352,30176,93,110,550000,13157,17614
2020,Lehenga,23936,0,47872,23936,134,190,950000,42307,17307
2021,Dupatta,51174,0,102348,51174,130,172,860000,21917,12882
2023,Shirt,45909,0,91818,45909,128,115,575000,37257,10359
2023,Dupatta,64158,0,128316,64158,99,113,565000,17555,28581
2022,Kurta,0,26854,83436,83436,81,274,1370000,33951,10098
2023,Shirt,74337,0,148674,74337,100,257,1285000,41382,17334
2022,Dupatta,79331,0,158662,79331,71,209,1045000,48220,29087
2023,Dupatta,82197,0,164394,82197,92,251,1255000,25350,21934
2020,Shirt,0,13566,52128,52128,83,240,1200000,23971,24256
2023,Kurta,70924,0,141848,70924,50,218,1090000,36622,19003
2022,Dupatta,48842,0,97684,48842,86,225,1125000,39844,20112
2022,Shirt,0,13285,65459,65459,129,108,540000,29213,25225
2021,Pants,85382,0,170764,85382,99,276,1380000,10227,25915
2020,Pants,0,22029,89506,89506,75,253,1265000,26388,28259
2023,Kurta,31170,0,62340,31170,140,148,740000,22444,25967
2021,Shirt,64942,0,129884,64942,99,141,705000,21521,19432
2023,Pants,36208,0,72416,36208,72,272,1360000,45845,24516
2023,Shirt,55178,0,110356,55178,136,213,1065000,41947,21262
2021,Dupatta,99172,0,198344,99172,81,176,880000,36901,15536
2021,Kurta,0,22846,66601,66601,139,248,1240000,13971,27068
2021,Pants,34990,0,69980,34990,52,256,1280000,11004,28623
2021,Dupatta,26441,0,52882,26441,53,191,955000,18002,24429
2021,Saree,94221,0,188442,94221,97,251,1255000,46428,10898
2023,Saree,0,23079,58940,58940,140,219,1095000,35570,19879
2021,Kurta,0,18551,86988,86988,146,269,1345000,49257,16814
2020,Pants,46862,0,93724,46862,79,183,915000,25475,15446
2022,Pants,47273,0,94546,47273,104,202,1010000,14708,11831
2021,Pants,62500,0,125000,62500,44,170,850000,16087,15584
2021,Shirt,23956,0,47912,23956,69,268,1340000,33201,12481
2023,Dupatta,92089,0,184178,92089,121,147,735000,32840,22617
2021,Pants,22365,0,44730,22365,84,178,890000,28309,16164
2021,Dupatta,92204,0,184408,92204,140,176,880000,15702,10617
2021,Kurta,25000,0,50000,25000,97,142,710000,34748,23032
2023,Pants,77072,0,154144,77072,78,107,535000,19318,27472
2021,Kurta,72499,0,144998,72499,51,162,810000,10227,18340
2022,Pants,89211,0,178422,89211,73,219,1095000,33684,15302
2023,Saree,32907,0,65814,32907,148,162,810000,46411,17886
2022,Lehenga,37336,0,74672,37336,53,105,525000,36562,17789
2023,Kurta,0,43052,74776,74776,77,173,865000,13728,26496
2021,Pants,0,25100,81745,81745,55,151,755000,19426,15332
2022,Lehenga,88783,0,177566,88783,145,120,600000,47996,19261
2023,Kurta,0,13277,69005,69005,100,241,1205000,21958,20685
2020,Shirt,72509,0,145018,72509,98,215,1075000,30099,19285
2021,Pants,0,29015,87907,87907,114,157,785000,14521,28613
2023,Shirt,42380,0,84760,42380,136,252,1260000,41661,22163
2020,Saree,47280,0,94560,47280,118,155,775000,28505,19172
2023,Pants,0,11757,81702,81702,145,182,910000,33647,28741
2020,Saree,68402,0,136804,68402,113,108,540000,39042,17092
2021,Lehenga,28262,0,56524,28262,106,263,1315000,32928,16059
2022,Kurta,31066,0,62132,31066,50,284,1420000,22927,16751
2020,Dupatta,35554,0,71108,35554,50,232,1160000,40207,29435
2023,Saree,0,42085,50721,50721,55,180,900000,25864,15239
2021,Dupatta,36238,0,72476,36238,77,193,965000,39702,14093
2020,Dupatta,37153,0,74306,37153,69,234,1170000,47600,14485
2023,Kurta,79353,0,158706,79353,80,233,1165000,41155,29365
2023,Lehenga,72092,0,144184,72092,40,151,755000,23427,22576
2023,Kurta,0,31863,91911,91911,77,297,1485000,13174,22854
2020,Pants,69104,0,138208,69104,148,205,1025000,35313,13964
2020,Saree,44283,0,88566,44283,137,154,770000,22852,14860
2020,Dupatta,0,36098,84649,84649,99,113,565000,27410,11123
2022,Kurta,97223,0,194446,97223,58,228,1140000,31023,19243
2020,Kurta,74957,0,149914,74957,137,264,1320000,43871,27199
2020,Kurta,0,25295,71565,71565,98,148,740000,29067,24650
2020,Saree,66172,0,132344,66172,139,239,1195000,14944,27362
2022,Lehenga,24355,0,48710,24355,107,232,1160000,16964,12858
2020,Kurta,53701,0,107402,53701,49,169,845000,18587,27066
2023,Saree,61534,0,123068,61534,56,215,1075000,21131,13655
2020,Dupatta,91442,0,182884,91442,119,218,1090000,21523,10780
2023,Pants,81274,0,162548,81274,124,238,1190000,40007,11442
2023,Shirt,0,48555,68704,68704,131,280,1400000,33761,25066
2023,Saree,32279,0,64558,32279,111,282,1410000,41028,17818
2022,Shirt,63491,0,126982,63491,68,178,890000,44632,14500
2022,Kurta,96147,0,192294,96147,45,149,745000,20466,29143
2022,Kurta,28261,0,56522,28261,133,280,1400000,30828,20393
2020,Saree,24474,0,48948,24474,105,224,1120000,36736,20453
2023,Shirt,48390,0,96780,48390,102,154,770000,36899,13120
2022,Kurta,46925,0,93850,46925,70,191,955000,13433,12545
2022,Dupatta,79051,0,158102,79051,64,102,510000,39397,26217
2020,Lehenga,24787,0,49574,24787,126,219,1095000,28453,15875
2022,Lehenga,93398,0,186796,93398,146,243,1215000,22672,12828
2020,Kurta,78177,0,156354,78177,60,272,1360000,15140,24758
2021,Shirt,63724,0,127448,63724,55,180,900000,23999,27846
2022,Pants,30663,0,61326,30663,43,263,1315000,23778,17942
2021,Kurta,0,35821,89718,89718,146,118,590000,27863,24579
2020,Pants,42740,0,85480,42740,85,231,1155000,25108,10553
2023,Pants,22035,0,44070,22035,47,158,790000,25350,20764
2022,Shirt,77443,0,154886,77443,45,188,940000,37511,18907
2020,Pants,87388,0,174776,87388,92,239,1195000,44471,13389
2023,Dupatta,0,31833,59968,59968,103,162,810000,47084,21934
2023,Shirt,63315,0,126630,63315,130,283,1415000,47454,15319
2021,Kurta,84165,0,168330,84165,90,126,630000,47676,23604
2020,Dupatta,66627,0,133254,66627,139,295,1475000,13230,24615
2023,Saree,28303,0,56606,28303,139,224,1120000,34718,13651
2022,Lehenga,69334,0,138668,69334,102,251,1255000,44617,29519
2022,Kurta,75892,0,151784,75892,127,253,1265000,14020,15263
2021,Kurta,81196,0,162392,81196,45,121,605000,26834,21025
2023,Kurta,0,35992,65098,65098,101,169,845000,11259,23891
2020,Dupatta,59726,0,119452,59726,146,118,590000,19195,17402
2022,Saree,95751,0,191502,95751,72,200,1000000,14777,13495
2023,Shirt,0,18549,58890,58890,41,261,1305000,39989,27721
2023,Saree,50694,0,101388,50694,80,238,1190000,37927,26172
2021,Dupatta,51253,0,102506,51253,55,219,1095000,28380,16196
2022,Kurta,44230,0,88460,44230,141,187,935000,38250,20613
2022,Lehenga,73974,0,147948,73974,98,272,1360000,47656,13011
2020,Kurta,83545,0,167090,83545,48,136,680000,33520,29043
2022,Shirt,36925,0,73850,36925,108,250,1250000,21224,19356
2020,Pants,26033,0,52066,26033,49,267,1335000,27878,23234
2022,Lehenga,82461,0,164922,82461,133,270,1350000,35648,12735
2021,Kurta,22665,0,45330,22665,46,103,515000,22304,15307
2022,Lehenga,47025,0,94050,47025,132,181,905000,11578,14813
2020,Pants,43533,0,87066,43533,105,114,570000,36315,22910
2020,Saree,0,32432,50621,50621,59,250,1250000,23004,16597
2021,Dupatta,97661,0,195322,97661,102,239,1195000,33377,10178
2022,Kurta,0,49498,79657,79657,43,167,835000,37541,27421
2022,Shirt,81248,0,162496,81248,67,167,835000,41806,14805
2021,Saree,43057,0,86114,43057,111,279,1395000,27943,20749
2022,Kurta,99244,0,198488,99244,74,268,1340000,17888,16331
2022,Saree,0,30519,66843,66843,41,204,1020000,14575,13568
2020,Shirt,87173,0,174346,87173,80,158,790000,13856,14423
2022,Kurta,58734,0,117468,58734,67,157,785000,36287,23004
2022,Pants,82072,0,164144,82072,114,219,1095000,14139,13986
2021,Pants,84175,0,168350,84175,139,286,1430000,34216,29697
2021,Shirt,83783,0,167566,83783,112,299,1495000,46295,16240
2023,Lehenga,90739,0,181478,90739,141,250,1250000,23162,24188
2020,Shirt,71042,0,142084,71042,40,228,1140000,15819,23088
2022,Lehenga,72357,0,144714,72357,66,155,775000,46636,10309
2022,Kurta,28669,0,57338,28669,106,103,515000,39707,17277
2023,Lehenga,87902,0,175804,87902,78,128,640000,25230,19893
2022,Kurta,38910,0,77820,38910,112,116,580000,38220,18997
2020,Kurta,76959,0,153918,76959,79,276,1380000,36736,22211
2023,Dupatta,0,13141,75660,75660,67,150,750000,32123,11892
2020,Kurta,68415,0,136830,68415,124,276,1380000,19693,19518
2023,Lehenga,29907,0,59814,29907,131,123,615000,43582,11917
2023,Dupatta,52780,0,105560,52780,148,143,715000,17584,16499
2021,Dupatta,77879,0,155758,77879,63,215,1075000,23378,23878
2020,Kurta,55085,0,110170,55085,121,268,1340000,24655,22602
2022,Shirt,85499,0,170998,85499,90,156,780000,21517,12241
2022,Shirt,0,21068,74875,74875,95,283,1415000,11323,28357
2020,Pants,68197,0,136394,68197,112,131,655000,34580,22232
2022,Dupatta,0,41342,65698,65698,65,258,1290000,38093,13978
2022,Kurta,69527,0,139054,69527,127,243,1215000,19450,11315
2020,Shirt,84600,0,169200,84600,91,259,1295000,12034,25913
2023,Kurta,88748,0,177496,88748,45,207,1035000,32974,25458
2020,Kurta,0,24256,76006,76006,98,141,705000,15966,23266
2023,Dupatta,47799,0,95598,47799,51,221,1105000,40717,16795
2022,Pants,66339,0,132678,66339,102,133,665000,11705,16548
2022,Dupatta,0,42964,74525,74525,75,264,1320000,38517,25499
2022,Saree,0,15830,88143,88143,48,243,1215000,13758,27783
2021,Shirt,70460,0,140920,70460,113,184,920000,29227,27756
2023,Shirt,0,25868,73696,73696,106,240,1200000,44964,23734
2021,Shirt,34877,0,69754,34877,68,221,1105000,42027,19448
2021,Lehenga,44723,0,89446,44723,110,219,1095000,12133,15106
2020,Kurta,32943,0,65886,32943,129,181,905000,12578,13203
2021,Dupatta,0,16679,81310,81310,47,293,1465000,43581,23207
2020,Shirt,56784,0,113568,56784,82,219,1095000,16551,12682
2020,Saree,40455,0,80910,40455,116,260,1300000,44395,17922
2021,Shirt,91448,0,182896,91448,74,204,1020000,46360,23265
2023,Pants,49974,0,99948,49974,122,181,905000,12580,12137
2023,Kurta,47371,0,94742,47371,149,191,955000,13932,21767
2023,Kurta,23936,0,47872,23936,61,262,1310000,18487,29190
2023,Dupatta,53166,0,106332,53166,119,264,1320000,17113,20119
2023,Lehenga,45727,0,91454,45727,118,139,695000,46019,14850
2021,Dupatta,0,43705,76964,76964,105,235,1175000,27538,24787
2021,Shirt,0,21722,55925,55925,141,153,765000,38556,11957
2022,Pants,88531,0,177062,88531,60,188,940000,47895,19685
2023,Saree,59097,0,118194,59097,133,234,1170000,10887,10931
2021,Dupatta,54984,0,109968,54984,110,101,505000,29656,10047
2022,Lehenga,0,30509,81122,81122,134,196,980000,28816,28654
2023,Dupatta,64291,0,128582,64291,80,155,775000,46365,15767
2020,Kurta,85228,0,170456,85228,80,203,1015000,34395,20952
2022,Shirt,42150,0,84300,42150,88,223,1115000,15525,14561
2021,Shirt,42061,0,84122,42061,138,284,1420000,40718,24306
2020,Shirt,49178,0,98356,49178,43,276,1380000,31002,23591
2020,Shirt,76790,0,153580,76790,137,296,1480000,35410,25680
2020,Shirt,85696,0,171392,85696,104,224,1120000,13480,10678
2022,Shirt,35648,0,71296,35648,49,177,885000,30990,22137
2021,Saree,81779,0,163558,81779,133,107,535000,41577,24286
2020,Lehenga,56672,0,113344,56672,135,183,915000,29056,27974
2023,Shirt,89109,0,178218,89109,106,290,1450000,14032,25436
2020,Lehenga,80521,0,161042,80521,49,181,905000,32377,12518
2020,Pants,54593,0,109186,54593,112,298,1490000,36277,27950
2022,Shirt,33786,0,67572,33786,56,187,935000,17425,23412
2022,Dupatta,29815,0,59630,29815,106,273,1365000,40773,27951
2021,Shirt,0,23989,89199,89199,130,166,830000,22892,21526
2023,Kurta,0,33562,83756,83756,92,216,1080000,30230,10205
2022,Saree,0,24919,74789,74789,74,273,1365000,30400,11805
2020,Dupatta,41302,0,82604,41302,43,177,885000,26679,12120
2021,Dupatta,0,21036,66915,66915,107,166,830000,26309,20821
2020,Kurta,47835,0,95670,47835,135,141,705000,14483,27821
2020,Shirt,0,34438,52917,52917,141,163,815000,41850,24991
2022,Saree,69282,0,138564,69282,50,227,1135000,24113,11942
2021,Dupatta,0,30999,56885,56885,83,172,860000,44264,20997
2023,Saree,87035,0,174070,87035,99,280,1400000,27951,12827
2023,Dupatta,43814,0,87628,43814,142,298,1490000,32417,17380
2022,Shirt,44089,0,88178,44089,148,189,945000,41911,21093
2022,Pants,93162,0,186324,93162,109,106,530000,31834,18555
2021,Dupatta,75831,0,151662,75831,101,106,530000,11975,14495
2023,Pants,52746,0,105492,52746,138,221,1105000,14132,29281
2023,Dupatta,0,11708,86387,86387,149,263,1315000,17398,10259
2023,Lehenga,56476,0,112952,56476,71,215,1075000,14278,17929
2020,Shirt,46283,0,92566,46283,85,112,560000,17925,27452
2023,Kurta,0,16377,60410,60410,62,294,1470000,23833,22126
2020,Pants,0,32788,79209,79209,145,119,595000,14165,14993
2021,Kurta,66994,0,133988,66994,76,152,760000,26847,26221
2020,Shirt,82898,0,165796,82898,129,185,925000,42472,17707
2021,Kurta,35634,0,71268,35634,137,279,1395000,43697,17496
2023,Shirt,30965,0,61930,30965,141,196,980000,17918,16458
2023,Kurta,47566,0,95132,47566,114,160,800000,13911,27826
2021,Pants,72196,0,144392,72196,97,224,1120000,32928,10228
2022,Lehenga,0,24269,63574,63574,124,201,1005000,14412,14845
2021,Kurta,75499,0,150998,75499,82,215,1075000,43485,11970
2022,Pants,39420,0,78840,39420,127,189,945000,16365,17952
2020,Dupatta,0,39717,81521,81521,54,195,975000,27041,22413
2020,Shirt,26218,0,52436,26218,106,160,800000,11212,14227
2020,Saree,69892,0,139784,69892,41,155,775000,38397,28109
2023,Saree,0,32605,79061,79061,110,193,965000,16435,19808
2020,Shirt,84057,0,168114,84057,44,139,695000,38628,20089
2022,Lehenga,98609,0,197218,98609,92,180,900000,10757,26071
2020,Kurta,96907,0,193814,96907,84,162,810000,49670,20323
2021,Lehenga,31226,0,62452,31226,143,284,1420000,15536,28866
2021,Saree,72271,0,144542,72271,132,231,1155000,24271,15285
2023,Pants,0,31221,89332,89332,80,253,1265000,40757,27834
2021,Shirt,57117,0,114234,57117,102,194,970000,15572,16191
2022,Shirt,0,41757,80805,80805,135,161,805000,35806,15941
2020,Lehenga,79478,0,158956,79478,133,281,1405000,37549,27639
2023,Pants,98872,0,197744,98872,111,289,1445000,37834,10400
2020,Lehenga,77277,0,154554,77277,71,245,1225000,36588,24002
2020,Kurta,79613,0,159226,79613,145,109,545000,15125,15639
2022,Dupatta,37373,0,74746,37373,41,135,675000,47861,20174
2021,Pants,65452,0,130904,65452,49,229,1145000,31976,23679
2021,Dupatta,70089,0,140178,70089,82,159,795000,40299,25981
2020,Kurta,26654,0,53308,26654,82,274,1370000,24848,20167
2023,Dupatta,51280,0,102560,51280,140,172,860000,41501,21845
2021,Saree,76141,0,152282,76141,149,259,1295000,10082,13464
2023,Dupatta,87894,0,175788,87894,106,296,1480000,17966,28798
2021,Kurta,46583,0,93166,46583,62,278,1390000,30146,21374
2023,Dupatta,26360,0,52720,26360,137,166,830000,41054,11087
2022,Shirt,73968,0,147936,73968,121,180,900000,27042,13874
2023,Lehenga,23743,0,47486,23743,136,176,880000,32629,20739
2022,Saree,0,28069,85828,85828,136,294,1470000,23599,29544
2022,Shirt,52151,0,104302,52151,99,167,835000,21064,16499
2023,Shirt,20518,0,41036,20518,120,181,905000,33524,19584
2022,Kurta,36652,0,73304,36652,45,155,775000,24895,19707
2020,Lehenga,98461,0,196922,98461,52,198,990000,40586,12693
2022,Lehenga,91011,0,182022,91011,60,113,565000,40248,12903
2021,Pants,62348,0,124696,62348,134,243,1215000,21416,16051
2023,Saree,95422,0,190844,95422,97,175,875000,39614,24353
2020,Kurta,0,34324,64826,64826,124,174,870000,18885,22655
2023,Saree,0,38734,97999,97999,136,165,825000,14327,10220
2021,Pants,44395,0,88790,44395,67,132,660000,29640,16416
2021,Dupatta,22335,0,44670,22335,109,112,560000,36428,13012
2021,Shirt,90112,0,180224,90112,47,129,645000,39059,17544
2022,Saree,20500,0,41000,20500,116,125,625000,20871,15366
2022,Shirt,28083,0,56166,28083,137,213,1065000,10863,25749
2023,Kurta,25543,0,51086,25543,97,112,560000,35625,14268
2023,Dupatta,88812,0,177624,88812,79,167,835000,17361,27019
2020,Kurta,72237,0,144474,72237,125,222,1110000,39208,21055
2020,Dupatta,26613,0,53226,26613,40,132,660000,14806,12737
2023,Dupatta,86863,0,173726,86863,116,242,1210000,15383,23623
2022,Shirt,60540,0,121080,60540,104,244,1220000,19686,12696
2021,Kurta,96202,0,192404,96202,49,105,525000,45104,19691
2023,Kurta,46255,0,92510,46255,99,104,520000,26751,21453
2020,Saree,42068,0,84136,42068,108,260,1300000,26795,11656
2022,Kurta,69057,0,138114,69057,59,153,765000,26737,29742
2023,Saree,38946,0,77892,38946,101,243,1215000,41139,16464
2023,Lehenga,40547,0,81094,40547,52,273,1365000,27722,11896
2022,Lehenga,25769,0,51538,25769,97,251,1255000,26712,12108
2023,Lehenga,44883,0,89766,44883,76,224,1120000,33400,19353
2022,Pants,0,29590,80779,80779,49,104,520000,21021,10125
2021,Kurta,99199,0,198398,99199,42,294,1470000,11486,13775
2022,Pants,55162,0,110324,55162,73,224,1120000,17607,21477
2022,Kurta,53434,0,106868,53434,73,175,875000,42740,28624
2022,Saree,42102,0,84204,42102,69,149,745000,30119,26972
2023,Pants,41536,0,83072,41536,76,268,1340000,27121,29478
2023,Pants,97891,0,195782,97891,107,282,1410000,15367,16526
2022,Pants,87770,0,175540,87770,73,180,900000,13888,13227
2023,Dupatta,0,38828,85292,85292,71,212,1060000,49660,19308
2020,Saree,0,33096,62607,62607,124,119,595000,47611,19017
2020,Lehenga,51147,0,102294,51147,97,277,1385000,36370,28087
2023,Saree,70526,0,141052,70526,144,224,1120000,35878,25786
2023,Dupatta,43659,0,87318,43659,63,134,670000,49059,22135
2022,Kurta,43088,0,86176,43088,48,277,1385000,12668,27889
2021,Saree,88464,0,176928,88464,80,260,1300000,14238,17032
2023,Shirt,0,19535,97740,97740,111,285,1425000,40968,12888
2020,Saree,24721,0,49442,24721,67,116,580000,34158,29102
2021,Dupatta,97982,0,195964,97982,84,133,665000,35961,23990
2020,Saree,26304,0,52608,26304,91,198,990000,38630,18788
2023,Pants,0,48887,59233,59233,105,289,1445000,13919,25381
2023,Shirt,98763,0,197526,98763,101,261,1305000,36312,25490
2023,Pants,60462,0,120924,60462,115,299,1495000,37442,26159
2023,Shirt,91834,0,183668,91834,130,246,1230000,48826,28623
2023,Saree,70155,0,140310,70155,116,215,1075000,24981,13844
2022,Saree,95842,0,191684,95842,99,213,1065000,46606,19027
2022,Saree,22589,0,45178,22589,125,196,980000,21011,16386
2020,Shirt,57078,0,114156,57078,79,225,1125000,25819,14773
2023,Kurta,74918,0,149836,74918,54,219,1095000,31943,19183
2020,Saree,33601,0,67202,33601,134,165,825000,45418,25944
2023,Pants,27711,0,55422,27711,46,171,855000,18431,14915
2023,Dupatta,79430,0,158860,79430,78,192,960000,46022,24343
2022,Shirt,83327,0,166654,83327,90,269,1345000,41029,15559
2022,Pants,23970,0,47940,23970,138,150,750000,49170,11633
2021,Lehenga,89535,0,179070,89535,46,298,1490000,34011,14681
2022,Lehenga,56176,0,112352,56176,51,276,1380000,22061,25863
2021,Dupatta,61730,0,123460,61730,53,223,1115000,14392,12746
2021,Kurta,0,28679,94095,94095,73,256,1280000,42105,13285
2021,Saree,25950,0,51900,25950,78,194,970000,19621,13250
2021,Shirt,93511,0,187022,93511,112,129,645000,18718,24331
2021,Pants,73009,0,146018,73009,103,198,990000,32235,17997
2020,Saree,0,42474,50496,50496,136,252,1260000,44576,12652
2022,Pants,45277,0,90554,45277,51,210,1050000,18175,23446
2021,Shirt,0,12560,80443,80443,73,295,1475000,19240,16571
2023,Lehenga,84435,0,168870,84435,66,212,1060000,30778,25493
2022,Saree,83944,0,167888,83944,61,289,1445000,41935,20722
2022,Dupatta,51533,0,103066,51533,57,137,685000,47436,14925
2021,Kurta,92502,0,185004,92502,85,116,580000,32264,11764
2020,Dupatta,92123,0,184246,92123,83,173,865000,21230,15581
2021,Kurta,42880,0,85760,42880,57,228,1140000,12239,10764
2020,Pants,90627,0,181254,90627,76,117,585000,35627,14247
2023,Saree,61753,0,123506,61753,46,290,1450000,40075,22535
2022,Saree,21561,0,43122,21561,107,273,1365000,26812,26184
2023,Kurta,73205,0,146410,73205,148,246,1230000,28515,24492
2020,Lehenga,79810,0,159620,79810,119,224,1120000,35073,18487
2020,Shirt,84482,0,168964,84482,125,149,745000,24484,24216
2023,Dupatta,89192,0,178384,89192,99,219,1095000,13866,16543
2020,Pants,48330,0,96660,48330,87,195,975000,10850,24348
2023,Dupatta,36139,0,72278,36139,90,153,765000,35634,14533
2022,Dupatta,52977,0,105954,52977,139,130,650000,44912,11422
2023,Pants,24983,0,49966,24983,123,196,980000,16550,20211
2022,Pants,59909,0,119818,59909,134,292,1460000,33487,24735
2023,Saree,0,33365,54174,54174,91,145,725000,20764,29827
2020,Dupatta,69029,0,138058,69029,136,134,670000,36357,20613
2023,Shirt,0,20745,55530,55530,116,148,740000,39597,23291
2021,Lehenga,0,10916,71772,71772,119,144,720000,11663,22063
2021,Saree,42074,0,84148,42074,58,104,520000,36145,18635
2023,Lehenga,52401,0,104802,52401,148,258,1290000,43153,21733
2021,Lehenga,31565,0,63130,31565,78,252,1260000,48419,22062
2022,Dupatta,84702,0,169404,84702,127,283,1415000,31241,24094
2021,Pants,69926,0,139852,69926,53,100,500000,17439,18339
2021,Saree,31112,0,62224,31112,68,160,800000,36861,28902
2023,Shirt,99297,0,198594,99297,81,166,830000,12973,18734
2023,Shirt,28885,0,57770,28885,53,166,830000,16614,20497
2020,Pants,21376,0,42752,21376,50,269,1345000,25462,12025
2020,Shirt,0,19644,64772,64772,114,195,975000,35842,10368
2023,Saree,61949,0,123898,61949,86,193,965000,49928,24735
2021,Kurta,0,16126,57900,57900,143,158,790000,30210,23070
2021,Saree,92353,0,184706,92353,63,277,1385000,41618,16168
2020,Dupatta,27430,0,54860,27430,61,133,665000,48988,20344
2020,Lehenga,46328,0,92656,46328,88,211,1055000,24230,10779
2020,Lehenga,31151,0,62302,31151,94,167,835000,37367,25224
2022,Dupatta,79797,0,159594,79797,94,281,1405000,34720,19675
2022,Dupatta,0,17151,60790,60790,124,241,1205000,40676,17666
2020,Lehenga,54484,0,108968,54484,109,259,1295000,37108,28869
2021,Pants,47664,0,95328,47664,117,297,1485000,10836,21632
2020,Kurta,26780,0,53560,26780,112,206,1030000,47368,29133
2022,Kurta,88867,0,177734,88867,74,180,900000,38244,14169
2021,Kurta,48604,0,97208,48604,83,107,535000,35921,19267
2022,Dupatta,37762,0,75524,37762,75,262,1310000,22182,23085
2021,Lehenga,43765,0,87530,43765,128,123,615000,39770,21872
2022,Pants,0,21660,79011,79011,54,102,510000,47326,19231
2021,Lehenga,57043,0,114086,57043,84,180,900000,21398,29086
2021,Lehenga,0,10065,94273,94273,101,135,675000,45754,27399
2021,Pants,0,36301,95047,95047,131,278,1390000,43981,14622
2021,Saree,0,22888,50657,50657,89,203,1015000,46197,15206
2023,Pants,30004,0,60008,30004,117,180,900000,33656,12273
2022,Saree,78956,0,157912,78956,52,284,1420000,10368,26034
2022,Shirt,40810,0,81620,40810,144,158,790000,42306,28026
2023,Saree,82000,0,164000,82000,70,193,965000,21333,24464
2021,Kurta,96724,0,193448,96724,44,121,605000,16713,28776
2021,Kurta,20247,0,40494,20247,122,264,1320000,22970,28895
2022,Pants,0,23999,93925,93925,47,225,1125000,13327,27960
2023,Kurta,65995,0,131990,65995,52,111,555000,27829,26887
2021,Kurta,79423,0,158846,79423,80,248,1240000,14808,10325
2021,Shirt,99347,0,198694,99347,56,242,1210000,25320,19772
2021,Kurta,89277,0,178554,89277,71,111,555000,42305,14887
2020,Dupatta,81969,0,163938,81969,44,185,925000,46441,20552
2023,Dupatta,49052,0,98104,49052,48,202,1010000,25596,10551
2021,Dupatta,69214,0,138428,69214,146,155,775000,44649,18484
2020,Saree,54319,0,108638,54319,73,205,1025000,11526,11603
2023,Pants,91842,0,183684,91842,148,243,1215000,29780,12792
2021,Pants,88541,0,177082,88541,40,132,660000,14030,23184
2022,Lehenga,0,17193,68083,68083,79,216,1080000,38024,22588
2020,Shirt,0,38540,70840,70840,118,270,1350000,49760,21550
2020,Dupatta,44870,0,89740,44870,93,148,740000,11817,18484
2021,Dupatta,32466,0,64932,32466,71,177,885000,18694,10113
2021,Kurta,65284,0,130568,65284,137,117,585000,32169,22228
2020,Dupatta,70034,0,140068,70034,138,243,1215000,10456,13156
2022,Kurta,53161,0,106322,53161,89,267,1335000,14787,25458
2022,Kurta,88275,0,176550,88275,98,294,1470000,49795,29203
2023,Lehenga,0,21001,74431,74431,131,206,1030000,19157,16342
2021,Saree,73565,0,147130,73565,120,289,1445000,42229,10633
2022,Kurta,81314,0,162628,81314,101,189,945000,33836,20083
2023,Kurta,73626,0,147252,73626,149,178,890000,39058,17778
2022,Pants,98730,0,197460,98730,50,199,995000,14521,17775
2021,Lehenga,0,19078,77619,77619,62,254,1270000,43616,19065
2023,Kurta,71929,0,143858,71929,65,217,1085000,38218,20751
2023,Shirt,0,33949,82583,82583,102,219,1095000,38965,12803
2023,Saree,0,34245,64525,64525,85,226,1130000,29497,17306
2022,Shirt,82582,0,165164,82582,108,180,900000,15987,19713
2021,Dupatta,0,29131,95384,95384,129,241,1205000,48060,20528
2023,Saree,60779,0,121558,60779,45,293,1465000,43056,24056
2020,Dupatta,43462,0,86924,43462,90,254,1270000,37202,15648
2021,Pants,0,42811,79917,79917,82,153,765000,29795,15771
2020,Kurta,0,41543,55963,55963,137,187,935000,36949,22310
2020,Lehenga,36956,0,73912,36956,81,287,1435000,41910,21176
2023,Shirt,0,46610,96765,96765,52,267,1335000,17850,13563
2023,Dupatta,65602,0,131204,65602,64,272,1360000,45550,27972
2022,Kurta,25605,0,51210,25605,41,198,990000,22454,26134
2022,Shirt,96213,0,192426,96213,53,167,835000,22372,21457
2022,Shirt,36938,0,73876,36938,56,295,1475000,24208,22115
2021,Pants,79502,0,159004,79502,144,290,1450000,43632,28868
2022,Pants,72545,0,145090,72545,143,267,1335000,14553,28272
2020,Dupatta,63534,0,127068,63534,79,140,700000,48105,27773
2022,Kurta,35009,0,70018,35009,78,288,1440000,11997,14217
2023,Lehenga,50246,0,100492,50246,64,292,1460000,41839,14746
2022,Dupatta,48185,0,96370,48185,130,100,500000,26040,18639
2021,Shirt,66642,0,133284,66642,87,108,540000,48228,22675
2021,Shirt,0,14705,72619,72619,127,174,870000,34438,14898
2020,Saree,0,28272,54535,54535,88,179,895000,24157,23478
2021,Kurta,39843,0,79686,39843,72,192,960000,12531,16944
2022,Saree,37505,0,75010,37505,66,242,1210000,14443,19292
2023,Pants,48022,0,96044,48022,84,158,790000,24676,19592
2021,Lehenga,81609,0,163218,81609,70,293,1465000,31178,15863
2020,Dupatta,74261,0,148522,74261,102,109,545000,40696,20546
2022,Shirt,36439,0,72878,36439,77,276,1380000,44165,25607
2020,Kurta,94385,0,188770,94385,118,238,1190000,23293,10293
2021,Shirt,90272,0,180544,90272,147,129,645000,12880,19769
2021,Pants,0,41834,64580,64580,79,122,610000,47145,14268
2020,Saree,23909,0,47818,23909,97,121,605000,11266,17197
2022,Saree,34867,0,69734,34867,104,278,1390000,12837,15282
2021,Dupatta,84685,0,169370,84685,50,141,705000,42228,17195
2023,Kurta,20794,0,41588,20794,54,128,640000,19198,21625
2021,Pants,0,23640,98432,98432,136,272,1360000,35795,18495
2022,Kurta,35369,0,70738,35369,96,260,1300000,14828,12951
2021,Dupatta,0,26012,94586,94586,135,266,1330000,26611,19953
2020,Pants,30856,0,61712,30856,64,164,820000,40786,12930
2021,Pants,26795,0,53590,26795,78,277,1385000,42705,12716
2021,Saree,51063,0,102126,51063,72,211,1055000,40020,16966
2022,Saree,80951,0,161902,80951,68,185,925000,28769,13375
2020,Saree,58260,0,116520,58260,97,147,735000,21249,18143
2022,Shirt,30149,0,60298,30149,137,136,680000,28301,11610
2021,Lehenga,46328,0,92656,46328,111,185,925000,26497,10122
2023,Saree,89098,0,178196,89098,50,260,1300000,12151,21909
2021,Lehenga,53623,0,107246,53623,52,233,1165000,26811,21656
2022,Lehenga,0,15883,51976,51976,108,190,950000,14598,25964
2023,Kurta,56389,0,112778,56389,122,169,845000,32504,24452
2022,Dupatta,24206,0,48412,24206,60,154,770000,29762,18359
2022,Shirt,83565,0,167130,83565,42,271,1355000,28328,29173
2020,Lehenga,40897,0,81794,40897,65,149,745000,27340,17982
2023,Shirt,99687,0,199374,99687,72,153,765000,18336,25370
2021,Kurta,24370,0,48740,24370,133,290,1450000,32067,21649
2022,Saree,44045,0,88090,44045,61,204,1020000,24008,26628
2021,Pants,72584,0,145168,72584,101,115,575000,22965,28332
2020,Lehenga,68671,0,137342,68671,44,227,1135000,49460,11352
2020,Dupatta,35326,0,70652,35326,58,146,730000,45050,28113
2023,Pants,87777,0,175554,87777,48,284,1420000,32475,18003
2020,Kurta,50639,0,101278,50639,97,229,1145000,15739,23112
2020,Shirt,80874,0,161748,80874,63,264,1320000,36529,11117
2021,Saree,59766,0,119532,59766,78,192,960000,36402,20175
2020,Shirt,41278,0,82556,41278,115,122,610000,45110,26256
2020,Dupatta,91980,0,183960,91980,149,240,1200000,35075,18170
2022,Lehenga,88551,0,177102,88551,100,214,1070000,30823,10458
2020,Dupatta,59583,0,119166,59583,87,164,820000,39453,10518
2022,Shirt,90400,0,180800,90400,148,147,735000,48640,19809
2020,Shirt,29676,0,59352,29676,130,106,530000,48815,14231
2020,Pants,24234,0,48468,24234,89,258,1290000,16506,19657
2023,Dupatta,41340,0,82680,41340,101,290,1450000,17500,20761
2023,Dupatta,28526,0,57052,28526,145,272,1360000,47477,27146
2022,Dupatta,92378,0,184756,92378,92,155,775000,39456,18385
2020,Saree,54626,0,109252,54626,60,291,1455000,33531,13689
2021,Shirt,21207,0,42414,21207,77,121,605000,40075,21122
2023,Kurta,82420,0,164840,82420,138,162,810000,39819,19139
2021,Saree,72097,0,144194,72097,135,179,895000,34247,27633
2023,Saree,84414,0,168828,84414,98,127,635000,11187,14016
2023,Saree,25429,0,50858,25429,139,271,1355000,49796,20562
2020,Pants,73591,0,147182,73591,136,202,1010000,47033,29032
2023,Kurta,27591,0,55182,27591,82,241,1205000,26977,18120
2021,Dupatta,58660,0,117320,58660,56,184,920000,41890,28500
2023,Pants,97313,0,194626,97313,108,246,1230000,19862,18139
2022,Shirt,60459,0,120918,60459,83,287,1435000,45638,13380
2020,Lehenga,98084,0,196168,98084,123,176,880000,10511,24262
2020,Pants,0,35295,86437,86437,102,101,505000,48219,28258
2022,Lehenga,82848,0,165696,82848,62,150,750000,15322,21231
2022,Shirt,98405,0,196810,98405,142,177,885000,45778,15502
2022,Kurta,24661,0,49322,24661,107,261,1305000,20401,12532
2023,Lehenga,0,27074,97055,97055,65,181,905000,13745,15678
2020,Saree,38782,0,77564,38782,133,150,750000,21230,23969
2022,Pants,69179,0,138358,69179,87,246,1230000,34405,15080
2023,Lehenga,21898,0,43796,21898,86,263,1315000,10558,29384
2022,Shirt,98455,0,196910,98455,85,217,1085000,28143,13704
2021,Saree,60068,0,120136,60068,68,253,1265000,16200,28413
2021,Lehenga,87963,0,175926,87963,73,262,1310000,46473,20996
2020,Shirt,0,16842,50937,50937,49,162,810000,16626,27575
2023,Kurta,78654,0,157308,78654,59,203,1015000,48032,25749
2021,Shirt,56123,0,112246,56123,127,231,1155000,13225,24822
2021,Kurta,76198,0,152396,76198,73,184,920000,11404,21818
2023,Saree,72872,0,145744,72872,140,102,510000,45465,29784
2022,Shirt,24902,0,49804,24902,52,104,520000,34328,13587
2023,Dupatta,0,41556,71980,71980,126,256,1280000,23459,27059
2022,Pants,68554,0,137108,68554,49,218,1090000,15646,28463
2021,Dupatta,63034,0,126068,63034,125,118,590000,28544,16033
2021,Dupatta,0,18301,67673,67673,84,214,1070000,43418,25646
2021,Dupatta,0,47326,87438,87438,117,244,1220000,48365,25722
2020,Pants,66814,0,133628,66814,128,133,665000,48293,27325
2020,Dupatta,77465,0,154930,77465,121,119,595000,47265,26806
2020,Kurta,66973,0,133946,66973,123,255,1275000,23971,11334
2023,Shirt,57729,0,115458,57729,131,172,860000,29719,11948
2021,Saree,52800,0,105600,52800,47,294,1470000,13854,13290
2021,Dupatta,94423,0,188846,94423,44,237,1185000,11612,21658
2023,Dupatta,98871,0,197742,98871,124,248,1240000,30451,16496
2020,Saree,91713,0,183426,91713,59,215,1075000,14476,21473
2023,Saree,0,41579,57421,57421,83,103,515000,45044,16675
2020,Dupatta,23926,0,47852,23926,119,121,605000,46654,24293
2021,Kurta,80445,0,160890,80445,97,170,850000,32033,13167
2022,Saree,63056,0,126112,63056,59,289,1445000,22191,28458
2020,Shirt,95690,0,191380,95690,128,111,555000,17650,27369
2021,Shirt,0,35090,98582,98582,110,238,1190000,15587,20593
2021,Kurta,0,18828,79500,79500,128,249,1245000,13753,14171
2022,Pants,79251,0,158502,79251,139,256,1280000,19311,17946
2021,Lehenga,38407,0,76814,38407,113,288,1440000,27060,21939
2021,Kurta,98561,0,197122,98561,79,160,800000,45822,24013
2020,Dupatta,91600,0,183200,91600,55,126,630000,25904,12089
2020,Lehenga,76714,0,153428,76714,43,274,1370000,33387,26798
2022,Dupatta,0,48080,62953,62953,49,183,915000,38570,20472
2022,Shirt,22478,0,44956,22478,90,241,1205000,46112,22362
2021,Saree,84546,0,169092,84546,87,106,530000,24686,10635
2020,Dupatta,93465,0,186930,93465,134,242,1210000,22961,29759
2022,Shirt,82876,0,165752,82876,115,273,1365000,20498,19465
2022,Kurta,61941,0,123882,61941,59,255,1275000,25897,28835
2023,Dupatta,0,10626,51516,51516,71,270,1350000,15947,27020
2022,Shirt,0,42837,96340,96340,105,109,545000,25585,20717
2021,Saree,28418,0,56836,28418,99,278,1390000,49175,25568
2020,Dupatta,0,33933,93042,93042,50,102,510000,27864,22926
2022,Pants,99919,0,199838,99919,59,202,1010000,33065,27873
2023,Shirt,51708,0,103416,51708,62,143,715000,37577,22150
2020,Dupatta,52924,0,105848,52924,116,153,765000,26805,12811
2022,Saree,0,31997,84172,84172,74,261,1305000,29504,29857
2023,Dupatta,46649,0,93298,46649,56,292,1460000,36410,17914
2022,Dupatta,50373,0,100746,50373,49,188,940000,28874,25563
2020,Pants,94501,0,189002,94501,143,124,620000,39906,28729
2020,Shirt,42791,0,85582,42791,77,290,1450000,49266,12619
2020,Lehenga,78896,0,157792,78896,117,169,845000,24722,26642
2021,Dupatta,43115,0,86230,43115,122,144,720000,35688,16186
2022,Lehenga,37341,0,74682,37341,71,167,835000,45743,18531
2021,Kurta,36637,0,73274,36637,93,125,625000,44580,15140
2020,Dupatta,44269,0,88538,44269,136,125,625000,21399,29436
2023,Lehenga,43877,0,87754,43877,96,253,1265000,26390,20774
2022,Kurta,60273,0,120546,60273,146,289,1445000,14835,27323
2021,Pants,76035,0,152070,76035,128,211,1055000,18290,17972
2022,Shirt,32405,0,64810,32405,64,191,955000,11490,25290
2023,Dupatta,82309,0,164618,82309,53,288,1440000,20938,12699
2021,Shirt,61767,0,123534,61767,84,229,1145000,46993,15626
2020,Kurta,29973,0,59946,29973,83,140,700000,38689,29809
2021,Shirt,78565,0,157130,78565,77,272,1360000,47582,20983
2022,Shirt,43091,0,86182,43091,75,113,565000,13215,23148
2022,Saree,0,42591,56170,56170,127,264,1320000,28699,18349
2022,Kurta,94607,0,189214,94607,144,229,1145000,36987,16726
2022,Shirt,90624,0,181248,90624,78,104,520000,49395,26065
2020,Lehenga,36550,0,73100,36550,78,201,1005000,49221,18081
2021,Kurta,22063,0,44126,22063,52,229,1145000,39735,25897
2020,Saree,93839,0,187678,93839,105,228,1140000,47365,18656
2020,Dupatta,31631,0,63262,31631,73,275,1375000,26021,22785
2020,Pants,21125,0,42250,21125,54,121,605000,28435,11439
2022,Shirt,55409,0,110818,55409,97,140,700000,47323,15744
2022,Lehenga,70581,0,141162,70581,98,252,1260000,21226,13036
2022,Saree,42485,0,84970,42485,105,145,725000,44985,24575
2021,Kurta,98330,0,196660,98330,91,193,965000,49770,24537
2023,Pants,94398,0,188796,94398,128,108,540000,18799,18931
2022,Pants,21690,0,43380,21690,108,288,1440000,32137,18513
2021,Shirt,35740,0,71480,35740,137,200,1000000,49093,12980
2022,Saree,0,24432,76507,76507,142,146,730000,37089,24473
2022,Saree,29156,0,58312,29156,44,173,865000,45162,23415
2020,Lehenga,57214,0,114428,57214,82,102,510000,21142,12367
2020,Dupatta,0,38375,52353,52353,47,107,535000,11909,14497
2020,Dupatta,95694,0,191388,95694,117,252,1260000,43637,11143
2021,Dupatta,22808,0,45616,22808,132,135,675000,25933,16205
2023,Pants,82987,0,165974,82987,133,142,710000,12677,19871
2023,Pants,90938,0,181876,90938,102,277,1385000,42866,26097
2021,Kurta,87500,0,175000,87500,140,162,810000,23050,28552
2022,Pants,0,20042,61999,61999,107,261,1305000,32041,20870
2021,Pants,80734,0,161468,80734,74,237,1185000,47463,23543
2022,Saree,37206,0,74412,37206,110,126,630000,30247,21435
2021,Kurta,29629,0,59258,29629,129,188,940000,25646,15837
2021,Saree,52337,0,104674,52337,71,112,560000,25130,21482
2021,Lehenga,83829,0,167658,83829,146,150,750000,15168,29056
2023,Lehenga,89401,0,178802,89401,136,167,835000,26968,27569
2020,Kurta,0,30703,60938,60938,63,223,1115000,32942,16122
2021,Kurta,66939,0,133878,66939,89,243,1215000,35615,13378
2023,Pants,0,32345,50580,50580,98,239,1195000,46972,27129
2020,Lehenga,32228,0,64456,32228,104,124,620000,30566,18607
2020,Shirt,68419,0,136838,68419,132,276,1380000,25992,21137
2021,Dupatta,69229,0,138458,69229,148,243,1215000,46108,26953
2022,Pants,32822,0,65644,32822,77,202,1010000,31382,14245
2022,Dupatta,0,21070,69713,69713,77,101,505000,17655,12066
2022,Lehenga,88723,0,177446,88723,60,172,860000,33652,26273
2021,Dupatta,27135,0,54270,27135,62,222,1110000,18599,16899
2022,Shirt,99044,0,198088,99044,85,226,1130000,28358,11969
2023,Shirt,59441,0,118882,59441,108,176,880000,13078,21277
2023,Saree,59884,0,119768,59884,69,177,885000,43043,27171
2023,Kurta,38043,0,76086,38043,79,175,875000,16892,12348
2023,Dupatta,95043,0,190086,95043,121,262,1310000,25329,15975
2020,Shirt,23062,0,46124,23062,109,249,1245000,32930,22318
2023,Kurta,72214,0,144428,72214,108,147,735000,33229,13171
2022,Kurta,73409,0,146818,73409,81,213,1065000,39709,20702
2021,Saree,30868,0,61736,30868,57,163,815000,40472,19773
2022,Kurta,88089,0,176178,88089,98,294,1470000,12915,19094
2023,Kurta,37428,0,74856,37428,52,249,1245000,22976,14912
2020,Pants,91493,0,182986,91493,123,172,860000,14697,19180
2023,Lehenga,90114,0,180228,90114,141,146,730000,21219,21139
2021,Saree,0,21544,58293,58293,60,139,695000,32108,12142
2022,Saree,54734,0,109468,54734,107,205,1025000,25887,20286
2021,Dupatta,96084,0,192168,96084,116,280,1400000,10734,16499
2021,Kurta,85107,0,170214,85107,121,217,1085000,34215,14297
2021,Dupatta,0,18059,54550,54550,116,102,510000,28137,20789
2022,Pants,67743,0,135486,67743,116,194,970000,42078,13756
2023,Shirt,44717,0,89434,44717,142,200,1000000,39091,29483
2021,Kurta,45579,0,91158,45579,140,233,1165000,34599,11041
2022,Shirt,84102,0,168204,84102,100,241,1205000,11264,21230
2020,Lehenga,0,49552,95248,95248,138,182,910000,38295,13061
2022,Pants,90160,0,180320,90160,77,285,1425000,39685,19224
2020,Kurta,43103,0,86206,43103,79,181,905000,46462,10874
2022,Dupatta,73077,0,146154,73077,66,220,1100000,13542,19533
2023,Dupatta,48534,0,97068,48534,97,234,1170000,23669,28303
2021,Kurta,58636,0,117272,58636,129,256,1280000,32944,14135
2023,Dupatta,70486,0,140972,70486,115,102,510000,48430,14708
2022,Kurta,53435,0,106870,53435,105,112,560000,14172,25342
2021,Saree,53152,0,106304,53152,82,263,1315000,21810,21201
2020,Dupatta,78952,0,157904,78952,59,204,1020000,32549,16761
2022,Kurta,39638,0,79276,39638,74,188,940000,22239,16493
2021,Kurta,36396,0,72792,36396,94,191,955000,35099,24029
2020,Dupatta,60494,0,120988,60494,113,265,1325000,18103,13610
2020,Saree,46783,0,93566,46783,111,174,870000,13524,12092
2023,Dupatta,25403,0,50806,25403,79,159,795000,28361,10973
2022,Kurta,84052,0,168104,84052,85,225,1125000,10099,12462
2020,Saree,43838,0,87676,43838,139,172,860000,49753,15425
2021,Shirt,58919,0,117838,58919,134,121,605000,41944,24373
2020,Lehenga,97895,0,195790,97895,118,248,1240000,19868,28670
2020,Dupatta,67995,0,135990,67995,81,222,1110000,14279,21146
2023,Pants,42614,0,85228,42614,57,132,660000,43938,23071
2023,Kurta,95593,0,191186,95593,54,103,515000,28730,26050
2021,Saree,20100,0,40200,20100,122,271,1355000,28711,11482
2023,Saree,81720,0,163440,81720,127,228,1140000,10224,12214
2020,Shirt,0,28018,78418,78418,138,289,1445000,42470,13834
2020,Dupatta,30988,0,61976,30988,105,249,1245000,22242,22123
2023,Pants,0,24093,50298,50298,52,158,790000,44208,19428
2020,Saree,97229,0,194458,97229,148,136,680000,31334,19207
2020,Shirt,58148,0,116296,58148,96,250,1250000,39323,11686
2021,Kurta,33823,0,67646,33823,48,260,1300000,35645,17533
2023,Shirt,44696,0,89392,44696,138,212,1060000,39382,16464
2020,Dupatta,0,12543,86884,86884,105,249,1245000,14323,25664
2023,Shirt,0,26118,66428,66428,149,291,1455000,18493,19148
2021,Saree,51051,0,102102,51051,55,226,1130000,47969,11205
2023,Saree,86611,0,173222,86611,149,289,1445000,45385,19868
2020,Lehenga,0,17353,57647,57647,139,217,1085000,15460,10967
2023,Shirt,0,23349,52543,52543,41,281,1405000,14570,14759
2020,Kurta,92372,0,184744,92372,55,285,1425000,16680,12151
2020,Pants,0,10768,70243,70243,111,239,1195000,40309,17344
2020,Pants,63406,0,126812,63406,40,211,1055000,27821,28136
2021,Dupatta,55017,0,110034,55017,121,245,1225000,31585,23162
2023,Lehenga,30705,0,61410,30705,144,294,1470000,33617,22569
2021,Shirt,0,24163,54778,54778,65,287,1435000,22565,29821
2023,Kurta,0,25095,64558,64558,83,224,1120000,36515,20153
2021,Lehenga,55319,0,110638,55319,44,199,995000,26236,26346
2022,Saree,77254,0,154508,77254,60,100,500000,45740,29691
2020,Dupatta,65318,0,130636,65318,74,220,1100000,30414,12492
2020,Shirt,22214,0,44428,22214,143,188,940000,16696,17496
2021,Pants,0,12603,65383,65383,131,119,595000,25226,17744
2022,Kurta,69869,0,139738,69869,93,116,580000,13787,29345
2020,Saree,55228,0,110456,55228,129,276,1380000,42623,10447
2023,Lehenga,0,10991,80033,80033,135,249,1245000,48236,16431
2021,Dupatta,23255,0,46510,23255,89,213,1065000,24162,10612
2020,Lehenga,47841,0,95682,47841,147,260,1300000,41002,16505
2020,Pants,25334,0,50668,25334,83,125,625000,27124,21418
2021,Lehenga,97817,0,195634,97817,124,126,630000,10944,29076
2021,Kurta,60522,0,121044,60522,43,287,1435000,12629,14674
2023,Saree,59708,0,119416,59708,81,261,1305000,38578,18915
2023,Shirt,85150,0,170300,85150,80,186,930000,44324,23440
2020,Kurta,50697,0,101394,50697,75,179,895000,38206,20134
2020,Pants,30722,0,61444,30722,63,279,1395000,16032,20415
2021,Dupatta,85480,0,170960,85480,136,154,770000,30712,20008
2020,Pants,0,36304,69539,69539,44,160,800000,39416,22377
2020,Pants,85550,0,171100,85550,96,277,1385000,31264,20104
2021,Lehenga,97042,0,194084,97042,106,290,1450000,43478,13323
2020,Dupatta,28208,0,56416,28208,50,291,1455000,40360,15214
2020,Kurta,0,26872,99439,99439,84,113,565000,48561,28010
2022,Pants,28127,0,56254,28127,135,225,1125000,44585,20956
2023,Kurta,67782,0,135564,67782,61,208,1040000,26333,23230
2021,Shirt,35646,0,71292,35646,50,221,1105000,20882,17223
2022,Lehenga,42713,0,85426,42713,77,150,750000,46154,13471
2023,Kurta,52267,0,104534,52267,98,212,1060000,32639,23029
2023,Dupatta,23864,0,47728,23864,125,254,1270000,12127,17257
2023,Pants,96197,0,192394,96197,43,267,1335000,28479,28485
2022,Shirt,0,18179,70089,70089,142,167,835000,42858,16906
2022,Dupatta,95858,0,191716,95858,106,108,540000,34292,12995
2023,Lehenga,92246,0,184492,92246,49,283,1415000,14005,20897
2020,Shirt,51362,0,102724,51362,140,138,690000,36699,20448
2020,Shirt,52380,0,104760,52380,58,242,1210000,45924,17213
2022,Shirt,84994,0,169988,84994,121,188,940000,34838,14312
2022,Pants,61284,0,122568,61284,67,117,585000,39072,11177
2022,Saree,99922,0,199844,99922,134,151,755000,44025,21793
2023,Shirt,98874,0,197748,98874,56,288,1440000,47864,27712
2020,Dupatta,75277,0,150554,75277,63,136,680000,42983,21456
2022,Dupatta,0,14152,83284,83284,40,179,895000,32474,24214
2020,Shirt,51795,0,103590,51795,44,215,1075000,41340,14044
